-- phpMyAdmin SQL Dump
-- version 4.2.11
-- http://www.phpmyadmin.net
--
-- Host: 127.0.0.1
-- Generation Time: Aug 26, 2019 at 06:17 AM
-- Server version: 5.6.21
-- PHP Version: 5.6.3

SET SQL_MODE = "NO_AUTO_VALUE_ON_ZERO";
SET time_zone = "+00:00";


/*!40101 SET @OLD_CHARACTER_SET_CLIENT=@@CHARACTER_SET_CLIENT */;
/*!40101 SET @OLD_CHARACTER_SET_RESULTS=@@CHARACTER_SET_RESULTS */;
/*!40101 SET @OLD_COLLATION_CONNECTION=@@COLLATION_CONNECTION */;
/*!40101 SET NAMES utf8 */;

--
-- Database: `operational`
--

-- --------------------------------------------------------

--
-- Table structure for table `detail_joborder`
--

CREATE TABLE IF NOT EXISTS `detail_joborder` (
  `id_joborder` varchar(15) NOT NULL,
  `tgl_cargo` date NOT NULL,
  `start_cargo` varchar(5) NOT NULL,
  `finish_cargo` varchar(5) NOT NULL,
  `rincian_cargo` varchar(250) NOT NULL,
  `ton_cargo` decimal(6,2) NOT NULL,
  `actual_cargo` varchar(250) DEFAULT NULL,
  `status_cargo` varchar(15) NOT NULL,
`id_cargo` int(15) NOT NULL
) ENGINE=InnoDB AUTO_INCREMENT=15 DEFAULT CHARSET=utf8;

--
-- Dumping data for table `detail_joborder`
--

INSERT INTO `detail_joborder` (`id_joborder`, `tgl_cargo`, `start_cargo`, `finish_cargo`, `rincian_cargo`, `ton_cargo`, `actual_cargo`, `status_cargo`, `id_cargo`) VALUES
('JV00002', '2019-08-07', '14:30', '16:00', '10 Unit Container', '800.00', 'Crane 100 Ton', 'continue', 2),
('JV00002', '2019-08-08', '07:00', '09:30', '5 Unit Conatiner', '100.00', 'Crane 100 on', 'finish', 3),
('JV00001', '2019-08-07', '10:30', '11:30', '10 Unit Container', '1000.00', 'Kalmar 80 Ton', 'continue', 4),
('JV00001', '2019-08-07', '12:00', '13:30', '5 Unit Conatiner', '500.00', 'Crane 100 Ton', 'finish', 5),
('JV00003', '2019-08-11', '08:15', '17:30', '10 Unit Container , 6 Unit Basket 20 ft, 100 Pallet Chemical', '575.16', '1 Unit Crane 110 Ton', 'continue', 6),
('JV00005', '2019-08-13', '11:00', '16:00', '10 Unit Container , 6 Unit Basket 20 ft, 100 Pallet Chemical', '1500.00', '1 Unit Crane 110 Ton', 'continue', 7),
('JV00005', '2019-08-14', '07:00', '11:30', '5 Unit Conatiner', '200.00', 'Kalmar 80 Ton', 'continue', 8),
('JV00005', '2019-08-14', '13:00', '17:00', '10 Unit Container', '800.00', '1 Unit Crane 110 Ton', 'finish', 9),
('JV00003', '2019-08-11', '07:00', '16:00', '25 Unit Container', '709.84', '1 Unit Crane 110 Ton', 'finish', 13),
('JV00012', '2019-08-23', '13:00', '16:00', '10 Unit Container', '1000.00', 'CRANE 100 TON', 'continue', 14);

--
-- Triggers `detail_joborder`
--
DELIMITER //
CREATE TRIGGER `progres_jo` AFTER INSERT ON `detail_joborder`
 FOR EACH ROW BEGIN
	UPDATE job_order SET progres_jo =progres_jo+NEW.ton_cargo
    WHERE id_joborder=NEW.id_joborder;
END
//
DELIMITER ;

-- --------------------------------------------------------

--
-- Table structure for table `jenis_barang`
--

CREATE TABLE IF NOT EXISTS `jenis_barang` (
  `id_jenis` varchar(50) NOT NULL,
  `jenis_brg` varchar(255) NOT NULL
) ENGINE=InnoDB DEFAULT CHARSET=latin1;

--
-- Dumping data for table `jenis_barang`
--

INSERT INTO `jenis_barang` (`id_jenis`, `jenis_brg`) VALUES
('1', 'Pipa'),
('2', 'Meter Air'),
('3', 'Assesories'),
('4', 'Oli/Pelumas'),
('5', 'Sparepart');

-- --------------------------------------------------------

--
-- Table structure for table `job_order`
--

CREATE TABLE IF NOT EXISTS `job_order` (
  `id_joborder` varchar(15) NOT NULL,
  `nm_kapal` varchar(20) NOT NULL,
  `agen_kapal` varchar(20) NOT NULL,
  `tgl_masuk` date NOT NULL,
  `jm_masuk` time NOT NULL,
  `tgl_keluar` date NOT NULL,
  `jm_keluar` time NOT NULL,
  `pelabuhan_asal` varchar(15) NOT NULL,
  `pelabuhan_tujuan` varchar(15) NOT NULL,
  `client` varchar(40) NOT NULL,
  `document_perintah` varchar(30) NOT NULL,
  `jml_cargo` decimal(6,2) NOT NULL,
  `sandar_kapal` varchar(20) NOT NULL,
  `doc_ptw` varchar(100) NOT NULL,
  `doc_pjsm` varchar(100) NOT NULL,
  `doc_lsap` varchar(100) NOT NULL,
  `alat_berat` varchar(30) NOT NULL,
  `alat_berat2` varchar(30) DEFAULT NULL,
  `alat_berat3` varchar(30) DEFAULT NULL,
  `area` varchar(20) NOT NULL,
  `jenis_cargo` varchar(30) NOT NULL,
  `progres_jo` decimal(6,2) NOT NULL,
  `status_jo` int(11) NOT NULL DEFAULT '0',
  `komentar` varchar(300) DEFAULT NULL
) ENGINE=InnoDB DEFAULT CHARSET=utf8;

--
-- Dumping data for table `job_order`
--

INSERT INTO `job_order` (`id_joborder`, `nm_kapal`, `agen_kapal`, `tgl_masuk`, `jm_masuk`, `tgl_keluar`, `jm_keluar`, `pelabuhan_asal`, `pelabuhan_tujuan`, `client`, `document_perintah`, `jml_cargo`, `sandar_kapal`, `doc_ptw`, `doc_pjsm`, `doc_lsap`, `alat_berat`, `alat_berat2`, `alat_berat3`, `area`, `jenis_cargo`, `progres_jo`, `status_jo`, `komentar`) VALUES
('JV00001', 'PAN MARINE', 'PT. SURYAKENCANA', '2019-08-07', '09:00:00', '2019-08-07', '14:00:00', 'MEDAN ', 'JAKARTA', 'Pertamina Hulu Energi', 'Email', '1500.00', 'Jetty KJ4', 'Tanda Terima UPS ACC.pdf', 'Form Kerusakan Barang UPS ACC.pdf', 'Tanda Terima UPS ACC.pdf', 'CRANE', 'NULL', 'NULL', 'kj4', '', '1500.00', 2, NULL),
('JV00002', 'GIAT JAYA', 'PT. SINAR GEMILANG', '2019-08-07', '14:00:00', '2019-08-08', '10:00:00', 'MAKASAR', 'JAKARTA', 'Pertamina Hulu Energi', 'Email', '1000.00', 'Jetty KJ4', 'Tanda Terima UPS ACC.pdf', 'Tanda Terima UPS ACC.pdf', 'Tanda Terima UPS ACC.pdf', 'CRANE', 'NULL', 'NULL', 'kj4', '', '1000.00', 2, NULL),
('JV00003', 'KM SEJAHTERA 35', 'PT. SINAR PAGODA', '2019-07-10', '23:30:00', '2019-07-12', '10:00:00', 'MATAK', 'JAKARTA', 'Medco', 'Email', '1285.00', 'Jetty KJ2', 'Tanda Terima UPS ACC.pdf', 'Tanda Terima UPS ACC.pdf', 'Tanda Terima UPS ACC.pdf', 'CRANE', 'NULL', 'NULL', 'kj1', '', '1285.00', 2, NULL),
('JV00004', 'Contoh', 'Samudera', '2019-08-01', '10:00:00', '2019-08-10', '12:00:00', 'MAKASAR', 'Priuk', 'Premier Oil', 'Email', '1000.00', 'Jetty KJ4', 'Tanda Terima UPS ACC.pdf', 'Tanda Terima UPS ACC.pdf', 'Tanda Terima UPS ACC.pdf', 'KALMAR', 'NULL', 'NULL', 'kj4', '', '0.00', 1, NULL),
('JV00005', 'GNA ', 'PT. Ekanuri Shipping', '2019-08-13', '10:30:00', '2019-08-14', '14:00:00', 'MEDAN ', 'JAKARTA', 'Premier Oil', 'Email', '2500.00', 'Jetty KJ2', 'Form Kerusakan Barang UPS ACC.pdf', 'Tanda Terima UPS ACC.pdf', 'Form Kerusakan Barang UPS ACC.pdf', 'CRANE', 'NULL', 'NULL', 'kj1', '', '2500.00', 2, NULL),
('JV00006', 'Rhayden', 'PT. Ekanuri Shipping', '2019-08-19', '09:00:00', '2019-08-19', '17:00:00', 'MAKASAR', 'JAKARTA', 'Pertamina Hulu Energi', 'Email', '2300.00', 'Jetty KJ4', 'Tanda Terima UPS ACC.pdf', 'Tanda Terima UPS ACC.pdf', 'Tanda Terima UPS ACC.pdf', 'CRANE', 'KALMAR', 'NULL', 'kj4', 'offloading', '0.00', 9, 'Supervisor Operational : Salah dalam pencantuman alat berat'),
('JV00007', 'Merah putih', 'PT. Ekanuri Shipping', '2019-08-01', '09:00:00', '2019-08-01', '12:00:00', 'MAKASAR', 'JAKARTA', 'Pertamina Hulu Energi', 'Email', '2200.00', 'Jetty KJ4', 'Tanda Terima UPS ACC.pdf', 'Tanda Terima UPS ACC.pdf', 'Tanda Terima UPS ACC.pdf', 'CRANE', 'KALMAR', 'NULL', 'kj4', 'offloading', '0.00', 9, 'Supervisor Operational : jumlah cargo beda silahkan perbaiki'),
('JV00008', 'Rhayden', 'PT. Ekanuri Shipping', '2019-08-19', '09:00:00', '2019-08-19', '17:00:00', 'MAKASAR', 'JAKARTA', 'Pertamina Hulu Energi', 'Email', '2400.00', 'Jetty KJ4', 'Tanda Terima UPS ACC.pdf', 'Tanda Terima UPS ACC.pdf', 'Tanda Terima UPS ACC.pdf', 'CRANE', 'KALMAR', 'NULL', 'kj4', 'offloading', '0.00', 2, NULL),
('JV00009', 'BNI CASTOR', 'PT. SINAR GEMILANG', '2019-08-20', '23:30:00', '2019-08-22', '10:00:00', 'Medan', 'JAKARTA', 'Pertamina Hulu Energi', 'Email', '2450.00', 'Jetty KJ2', 'Tanda Terima UPS ACC.pdf', 'Tanda Terima UPS ACC.pdf', 'Tanda Terima UPS ACC.pdf', 'CRANE', 'KALMAR', 'NULL', 'kj1', 'loading', '0.00', 0, NULL),
('JV00010', 'GIAT JAYA', 'Samudera', '2019-07-31', '10:00:00', '2019-08-01', '17:00:00', 'MAKASAR', 'JAKARTA', 'Pertamina Hulu Energi', 'Email', '1500.58', 'Jetty KJ4', 'Tanda Terima UPS ACC.pdf', 'Tanda Terima UPS ACC.pdf', 'Tanda Terima UPS ACC.pdf', 'CRANE', 'NULL', 'NULL', 'kj4', 'offloading', '0.00', 1, NULL),
('JV00011', 'LCT HP IX', 'SARANA GEMILANG', '2019-08-22', '00:00:15', '2019-08-23', '00:00:03', 'KALIJAPAT 4', 'PABELOKAN', 'Pertamina Hulu Energi', '001/WO/PHE/IX/2019', '500.00', 'JETTY 1 KJ4', 'Sertifikat Migas(1).PDF', 'Sertifikat Migas(1).PDF', 'Sertifikat Migas(1).PDF', 'CRANE', 'FORKLIFT', 'NULL', 'kj4', 'loading', '0.00', 9, 'Supervisor Operational : Alat Berat Tidak sesuai dengan ptw'),
('JV00012', 'Giat Jaya', 'Kanaya', '2019-08-23', '11:00:00', '0000-00-00', '00:00:00', 'Medan', 'Jakarta', 'Pertamina Hulu Energi', 'Email', '2850.60', 'Jetty KJ4', 'document contoh.pdf', 'document contoh.pdf', 'document contoh.pdf', 'CRANE', 'KALMAR', 'NULL', 'kj4', 'offloading', '1000.00', 2, NULL);

-- --------------------------------------------------------

--
-- Table structure for table `pengeluaran`
--

CREATE TABLE IF NOT EXISTS `pengeluaran` (
`id` int(11) NOT NULL,
  `unit` varchar(20) NOT NULL,
  `kode_brg` varchar(5) NOT NULL,
  `jumlah` int(11) NOT NULL,
  `tgl_keluar` date NOT NULL
) ENGINE=InnoDB AUTO_INCREMENT=7 DEFAULT CHARSET=latin1;

--
-- Dumping data for table `pengeluaran`
--

INSERT INTO `pengeluaran` (`id`, `unit`, `kode_brg`, `jumlah`, `tgl_keluar`) VALUES
(3, 'mekanik', 'BR104', 1, '2019-07-31'),
(4, 'mekanik', 'BR095', 2, '2019-07-31'),
(5, 'mekanik', 'BR084', 2, '2019-07-31'),
(6, 'mekanik', 'BR091', 1, '2019-08-22');

--
-- Triggers `pengeluaran`
--
DELIMITER //
CREATE TRIGGER `TG_STOK_UPDATE` AFTER INSERT ON `pengeluaran`
 FOR EACH ROW BEGIN
	update stokbarang SET keluar=keluar + NEW.jumlah, 
	sisa=stok-keluar WHERE 
	kode_brg = NEW.kode_brg;

	update permintaan SET status=1 WHERE kode_brg=NEW.kode_brg AND 
	unit=NEW.unit;
END
//
DELIMITER ;

-- --------------------------------------------------------

--
-- Table structure for table `permintaan`
--

CREATE TABLE IF NOT EXISTS `permintaan` (
`id_permintaan` int(100) NOT NULL,
  `unit` varchar(20) NOT NULL,
  `kode_brg` varchar(5) NOT NULL,
  `id_jenis` int(11) NOT NULL,
  `jumlah` int(11) NOT NULL,
  `tgl_permintaan` date NOT NULL,
  `nama_tukang` varchar(20) NOT NULL,
  `status` int(11) NOT NULL
) ENGINE=MyISAM AUTO_INCREMENT=10 DEFAULT CHARSET=latin1;

--
-- Dumping data for table `permintaan`
--

INSERT INTO `permintaan` (`id_permintaan`, `unit`, `kode_brg`, `id_jenis`, `jumlah`, `tgl_permintaan`, `nama_tukang`, `status`) VALUES
(8, 'mekanik', 'BR091', 5, 1, '2019-07-31', 'Anang', 1),
(4, 'mekanik', 'BR104', 4, 1, '2019-07-31', 'Anang', 1),
(5, 'mekanik', 'BR091', 5, 1, '2019-07-31', 'Anang', 1),
(6, 'mekanik', 'BR095', 5, 2, '2019-07-31', 'Anang', 1),
(7, 'mekanik', 'BR084', 5, 2, '2019-07-31', 'Agus Priyanti', 1),
(9, 'suleman', 'BR018', 1, 10, '2019-08-02', 'Agus', 0);

-- --------------------------------------------------------

--
-- Table structure for table `sementara`
--

CREATE TABLE IF NOT EXISTS `sementara` (
`id_sementara` int(100) NOT NULL,
  `unit` varchar(50) NOT NULL,
  `kode_brg` varchar(5) NOT NULL,
  `id_jenis` int(11) NOT NULL,
  `jumlah` int(11) NOT NULL,
  `tgl_permintaan` date NOT NULL,
  `nama_tukang` varchar(20) NOT NULL,
  `status` int(11) NOT NULL DEFAULT '0'
) ENGINE=MyISAM AUTO_INCREMENT=10 DEFAULT CHARSET=latin1;

--
-- Dumping data for table `sementara`
--

INSERT INTO `sementara` (`id_sementara`, `unit`, `kode_brg`, `id_jenis`, `jumlah`, `tgl_permintaan`, `nama_tukang`, `status`) VALUES
(9, 'suleman', 'BR018', 1, 10, '2019-08-02', 'Agus', 0);

-- --------------------------------------------------------

--
-- Table structure for table `stokbarang`
--

CREATE TABLE IF NOT EXISTS `stokbarang` (
  `kode_brg` varchar(5) NOT NULL,
  `id_jenis` int(2) NOT NULL,
  `nama_brg` varchar(30) NOT NULL,
  `satuan` varchar(50) DEFAULT NULL,
  `stok` int(11) NOT NULL,
  `keluar` int(11) DEFAULT '0',
  `sisa` int(11) NOT NULL,
  `tgl_masuk` date NOT NULL,
  `suplier` varchar(20) NOT NULL
) ENGINE=InnoDB DEFAULT CHARSET=latin1;

--
-- Dumping data for table `stokbarang`
--

INSERT INTO `stokbarang` (`kode_brg`, `id_jenis`, `nama_brg`, `satuan`, `stok`, `keluar`, `sisa`, `tgl_masuk`, `suplier`) VALUES
('BR001', 1, 'Pipa Steel  Ø 2"', 'Meter', 180, 0, 180, '2017-01-08', ''),
('BR002', 1, 'Pipa Steel Ø 4"', 'Meter', 250, 28, 222, '2017-01-15', ''),
('BR003', 1, 'Pipa Steel Ø 6"', 'Meter', 30, 0, 30, '2017-04-17', ''),
('BR004', 1, 'Pipa Steel Ø 8"', 'Meter', 120, 0, 120, '2017-02-14', ''),
('BR005', 1, 'Pipa Steel Ø 12"', 'Meter', 210, 0, 210, '2017-02-14', ''),
('BR006', 1, 'Pipa GS Ø 1/2"', 'Meter', 468, 10, 458, '2017-03-15', ''),
('BR007', 1, 'Pipa GS Ø 3/4"', 'Meter', 248, 10, 238, '2017-03-30', ''),
('BR008', 1, 'Pipa GS Ø 1"', 'Meter', 454, 0, 454, '2017-03-27', ''),
('BR009', 1, 'Pipa PVC Ø 1/2"', 'Meter', 2316, 0, 2316, '2017-04-20', ''),
('BR010', 1, 'Pipa PVC Ø 1"', 'Meter', 230, 0, 230, '2017-05-16', ''),
('BR011', 1, 'Pipa PVC Ø 2"', 'Meter', 350, 0, 350, '2017-05-26', ''),
('BR012', 1, 'Pipa PVC Ø 4"', 'Meter', 300, 0, 300, '2017-04-18', ''),
('BR013', 1, 'Pipa PVC Ø 6"', 'Meter', 400, 0, 400, '2017-04-19', ''),
('BR014', 1, 'Pipa HDPE Ø 25 mm', 'Meter', 4450, 0, 4450, '2017-05-24', ''),
('BR015', 1, 'Pipa HDPE Ø 90 mm', 'Meter', 5887, 0, 5887, '2017-06-20', ''),
('BR016', 1, 'Pipa Stenlis Ø 1"', 'Meter', 6, 0, 6, '2017-06-20', ''),
('BR017', 1, 'Pipa PE Ø 200 mm', 'Meter', 1540, 0, 1540, '2017-06-21', ''),
('BR018', 1, 'Pipa PE Ø 400 mm', 'Meter', 2300, 0, 2300, '2017-05-25', ''),
('BR019', 1, 'Pipa PE Ø 500 mm', 'Meter', 116, 0, 116, '2017-05-30', ''),
('BR020', 1, 'Pipa PE Ø 710 mm', 'Meter', 618, 0, 618, '2017-06-20', ''),
('BR021', 2, 'Meter Air Itron Ø 1"', 'Set', 5100, 0, 5100, '2017-05-16', ''),
('BR022', 2, 'Meter Air Drat Ø 3/4"', 'Buah', 20, 4, 16, '2017-06-19', ''),
('BR023', 2, 'Meter Air Drat Ø 1"', 'Buah', 38, 35, 3, '2017-05-15', ''),
('BR024', 2, 'Meter Air Drat Ø 2"', 'Buah', 20, 5, 15, '2017-05-23', ''),
('BR025', 2, 'Meter Air Drat Ø 3"', 'Buah', 50, 42, 8, '2017-05-24', ''),
('BR026', 2, 'Meter Air Flange Ø 2"', 'Buah', 9, 2, 7, '2017-05-23', ''),
('BR027', 2, 'Meter Air Flange Ø 4"', 'Buah', 14, 0, 14, '2017-06-22', ''),
('BR028', 2, 'Meter Air Flange Ø 8"', 'Buah', 30, 0, 30, '2017-06-20', ''),
('BR029', 2, 'Meter Air Flange Ø 250mm', 'Buah', 30, 8, 22, '2017-05-22', ''),
('BR030', 2, 'Meter Air Barindo Ø 1/2"', 'Set', 12, 0, 12, '2017-07-02', ''),
('BR031', 3, 'Dop PVC Ø 3/4"', 'Buah', 1850, 0, 1850, '2017-06-12', ''),
('BR032', 3, 'Dop PVC Ø 1"', 'Buah', 13, 2, 11, '2017-06-18', ''),
('BR033', 3, 'Dop PVC Ø 2"', 'Buah', 232, 100, 132, '2017-06-20', ''),
('BR034', 3, 'Dop PVC Ø 3"', 'Buah', 20, 7, 13, '2017-06-19', ''),
('BR035', 3, 'Dop PVC Ø 4"', 'Buah', 35, 5, 30, '2017-06-19', ''),
('BR036', 3, 'Bend PVC RR Ø 2x90"', 'Buah', 50, 10, 40, '2017-06-27', ''),
('BR037', 3, 'Bend PVC RR Ø 3x90"', 'Buah', 48, 4, 44, '2017-06-26', ''),
('BR038', 3, 'Bend PVC RR Ø 3x45"', 'Buah', 166, 5, 161, '2017-06-20', ''),
('BR039', 3, 'Bend PVC RR Ø 6x90"', 'Buah', 144, 0, 144, '2017-06-21', ''),
('BR040', 3, 'Bend PVC RR Ø 6x45"', 'Buah', 49, 8, 41, '2017-06-28', ''),
('BR041', 3, 'Faucet Socket PVC Ø 3/4"', 'Buah', 4206, 0, 4206, '2017-06-27', ''),
('BR042', 3, 'Faucet Socket PVC Ø 1"', 'Buah', 1980, 40, 1940, '2017-06-20', ''),
('BR043', 3, 'Faucet Socket PVC Ø 2"', 'Buah', 10, 0, 10, '2017-06-27', ''),
('BR044', 3, 'Faucet Socket PVC Ø 3"', 'Buah', 13, 0, 13, '2017-06-27', ''),
('BR045', 3, 'Faucet Socket PVC Ø 300"', 'Buah', 77, 0, 77, '2017-06-27', ''),
('BR046', 3, 'Kopling Pipa PVC Ø 3/4"', 'Buah', 7469, 0, 7469, '2017-06-27', ''),
('BR047', 3, 'Knee PVC Ø 1/2"', 'Buah', 9187, 0, 9187, '2017-06-25', ''),
('BR048', 3, 'Knee PVC Ø 3/4"', 'Buah', 3169, 0, 3169, '2017-07-28', ''),
('BR049', 3, 'Knee PVC Ø 1"', 'Buah', 22, 0, 22, '2017-06-28', ''),
('BR050', 3, 'Knee PVC Ø 2"', 'Buah', 35, 0, 35, '2017-06-28', ''),
('BR051', 3, 'Knee SC - PVC Ø 2 1/2x90', 'Buah', 1, 0, 1, '2017-06-28', ''),
('BR052', 3, 'Reducer PVC Ø 3x2"', 'Buah', 24, 0, 24, '2017-06-28', ''),
('BR053', 3, 'Reducer PVC Ø 4x2"', 'Buah', 183, 0, 183, '2017-06-28', ''),
('BR054', 3, 'Reducer PVC Ø 4x3"', 'Buah', 143, 0, 143, '2017-06-28', ''),
('BR055', 3, 'Reducer PVC Ø 6x2"', 'Buah', 50, 0, 50, '2017-06-28', ''),
('BR056', 3, 'Reducer PVC Ø 8x6"', 'Buah', 52, 0, 52, '2017-06-30', ''),
('BR057', 3, 'Reducer PVC Ø 8x4"', 'Buah', 54, 0, 54, '2017-06-30', ''),
('BR058', 3, 'Repair Socket PVC Ø 3"', 'Buah', 653, 0, 653, '2017-07-03', ''),
('BR059', 3, 'Repair Socket PVC Ø 4"', 'Buah', 322, 0, 322, '2017-07-04', ''),
('BR060', 3, 'Repair Socket PVC Ø 6"', 'Buah', 40, 0, 40, '2017-07-04', ''),
('BR061', 3, 'Repair Socket PVC Ø 12"', 'Buah', 21, 0, 21, '2017-07-05', ''),
('BR062', 3, 'Sock Reduser Ø 1"', 'Buah', 18, 0, 18, '2017-07-05', ''),
('BR063', 3, 'Sock PVC Ø 2"', 'Buah', 18, 0, 18, '2017-07-06', ''),
('BR064', 3, 'Tee PVC RR Ø 4x3"', 'Buah', 163, 0, 163, '2017-07-06', ''),
('BR065', 3, 'Tee PVC RR Ø 4x4"', 'Buah', 359, 35, 324, '2017-07-03', ''),
('BR066', 3, 'Tee PVC RR Ø 3x3"', 'Buah', 361, 0, 361, '2017-07-06', ''),
('BR067', 3, 'Tee PVC RR Ø 4x2"', 'Buah', 155, 0, 155, '2017-07-05', ''),
('BR068', 3, 'Tee PVC RR Ø 2x2"', 'Buah', 201, 0, 201, '2017-06-30', ''),
('BR069', 3, 'Tee PVC RR Ø 8x6"', 'Buah', 104, 0, 104, '2017-07-05', ''),
('BR070', 3, 'Tee PVC Ø 1/2"', 'Buah', 862, 0, 862, '2017-07-05', ''),
('BR071', 1, 'Pipa Steel Selubung Ø 1100"', 'Meter', 25, 0, 25, '2017-07-03', ''),
('BR072', 1, 'Pipa STC Leaning Ø 300m', 'Meter', 105, 0, 105, '2017-07-03', ''),
('BR073', 1, 'Pipa STC Leaning Ø 600m', 'Meter', 138, 0, 138, '2017-07-03', ''),
('BR074', 1, 'Pipa STC Leaning Ø 200mm', 'Meter', 80, 0, 80, '2017-07-03', ''),
('BR075', 1, 'Pipa STC Leaning Ø 400m', 'Meter', 326, 0, 326, '2017-07-03', ''),
('BR076', 1, 'Pipa PE Ø 315 mm', 'Meter', 1641, 0, 1641, '2017-07-03', ''),
('BR077', 1, 'Pipa PE Ø 160 mm', 'Meter', 5933, 0, 5933, '2017-07-03', ''),
('BR078', 1, 'Pipa PE Ø 110 mm', 'Meter', 16981, 0, 16981, '2017-07-03', ''),
('BR079', 1, 'Pipa PVC Ø 3"', 'Meter', 20, 0, 20, '2017-07-03', ''),
('BR080', 1, 'Pipa PVC Ø 12"', 'Meter', 15, 0, 15, '2017-07-03', ''),
('BR081', 4, 'Minyak Compressor Ø SAE 30', 'Liter', 12, 0, 12, '2017-07-10', ''),
('BR082', 4, 'Minyak Hidrolex Ø SAE 10', 'Liter', 68, 0, 68, '2017-07-05', ''),
('BR083', 5, 'Ampere Meter  800/5A', 'Buah', 9, 0, 9, '2017-07-11', ''),
('BR084', 5, 'Bohlam Control', 'Buah', 17, 2, 15, '2017-07-12', ''),
('BR085', 4, 'Minyak Diala Ø C/B', 'Liter', 180, 0, 180, '2017-07-16', ''),
('BR086', 4, 'Grease Draton', 'Kg', 18, 0, 18, '2017-07-16', ''),
('BR087', 4, 'Oli Gardan Rored Ø SAE 12', 'Liter', 70, 4, 66, '2017-07-16', ''),
('BR088', 5, 'Push Button', 'Buah', 5, 0, 5, '2017-07-16', ''),
('BR089', 5, 'Skun Kabel Ø 50 mm', 'Buah', 95, 0, 95, '2017-07-16', ''),
('BR090', 5, 'Terminal KB SPB Ø 60', 'Buah', 5, 0, 5, '2017-07-16', ''),
('BR091', 5, 'Dynamo  Star Yanmar Ø 12V', 'Buah', 4, 1, 3, '2017-07-16', ''),
('BR092', 5, 'Kabel NYY Ø 2x2,5mm', 'Meter', 100, 0, 100, '2017-07-18', ''),
('BR093', 5, 'Kabel Ties', 'Bungkus', 1, 0, 1, '2017-07-12', ''),
('BR094', 5, 'Time Delay Ø 0-30s', 'Buah', 5, 0, 5, '2017-07-11', ''),
('BR095', 5, 'Konektor Ø 120mm', 'Buah', 8, 2, 6, '2017-07-11', ''),
('BR096', 5, 'Ballast SON Ø 250 Watt', 'Buah', 4, 0, 4, '2017-07-05', ''),
('BR097', 5, 'MCB', 'Buah', 12, 0, 12, '2017-07-09', ''),
('BR098', 5, 'Skun Ø 70', 'Buah', 1500, 0, 1500, '2017-07-10', ''),
('BR099', 5, 'Timer Omron Ø H3CR', 'Buah', 10, 0, 10, '2017-07-02', ''),
('BR100', 4, 'Pelumas Mesran Ø SAE 20-50', 'Liter', 30, 0, 30, '2017-07-10', ''),
('BR101', 4, 'Pelumas Meditran Ø SAE 40', 'Liter', 139, 0, 139, '2017-07-04', ''),
('BR102', 4, 'Gemuk Biasa', 'Kaleng', 10, 0, 10, '2017-07-11', ''),
('BR103', 4, 'Grease SKF LGHP Ø 2/1', 'Kg', 3, 0, 3, '2017-06-26', ''),
('BR104', 4, 'Minyak Oli Ø SAE 90', 'Liter', 10, 1, 9, '2017-07-02', ''),
('BR105', 4, 'Oli Diesel Ø SAE 15W-40', 'Liter', 45, 0, 45, '2017-07-03', ''),
('BR106', 1, 'Pipa Galvanis', 'Meter', 35, 0, 35, '2017-07-18', ''),
('BR107', 2, 'meter air 2002', 'meter', 20, 1, 19, '2017-07-20', 'Adi'),
('BR108', 1, 'pipa 2002', 'meter', 10, 0, 10, '2017-07-21', 'sukiman'),
('BR109', 3, 'Vga to Hdmi', 'Pcs', 1, 0, 1, '2019-07-29', 'CMS'),
('BR110', 3, 'Kabel HDMI 3M', 'unit', 1, 0, 1, '2019-07-31', 'CMS'),
('BR111', 5, 'Filter ', 'Buah', 3, 0, 3, '1900-12-05', 'Cv. Jaya Teknik'),
('BR112', 1, 'Tralon', 'Batang', 200, 0, 200, '2019-08-01', 'TB. Aji Kempet');

-- --------------------------------------------------------

--
-- Table structure for table `user`
--

CREATE TABLE IF NOT EXISTS `user` (
`id_user` int(11) NOT NULL,
  `username` varchar(20) NOT NULL,
  `password` varchar(255) NOT NULL,
  `nama` varchar(40) CHARACTER SET utf8 NOT NULL,
  `email` varchar(30) CHARACTER SET utf8 NOT NULL,
  `level` enum('unit_pelayanan','admin_gudang','asisten_manajer','manajer_shorebase') NOT NULL,
  `manajer` varchar(50) NOT NULL,
  `asmen` varchar(50) DEFAULT NULL,
  `area` varchar(40) CHARACTER SET utf8 NOT NULL
) ENGINE=InnoDB AUTO_INCREMENT=22 DEFAULT CHARSET=latin1;

--
-- Dumping data for table `user`
--

INSERT INTO `user` (`id_user`, `username`, `password`, `nama`, `email`, `level`, `manajer`, `asmen`, `area`) VALUES
(1, 'Admin_opskj4', '827ccb0eea8a706c4c34a16891f84e7b', 'Admin OPS KJ4', 'admin.opskj4@ekanuri.com', 'admin_gudang', 'Hartono', 'Eman', 'kj4'),
(2, 'Spv_opskj4', '827ccb0eea8a706c4c34a16891f84e7b', 'Eman Sulaeman', 'eman@ekanuri.com', 'asisten_manajer', 'Hartono', '', 'kj4'),
(14, 'hartono', '9e3da5af734c9ad2fc92f814fe9c28d5', 'Hartono', '', 'manajer_shorebase', '', '', ''),
(18, 'checker_kj1', '8776d72f50bd04f59fedf11fd317d90a', 'Checker KJ1', 'checker.kj1@gmail.com', 'unit_pelayanan', 'Hartono', 'Iwan', 'kj1'),
(19, 'checker_kj4', '9e3da5af734c9ad2fc92f814fe9c28d5', 'Checker KJ4', 'checker.kj4@gmail.com', 'unit_pelayanan', 'Hartono', 'Eman', 'kj4'),
(20, 'Admin_opskj1', '8776d72f50bd04f59fedf11fd317d90a', 'Admin OPS KJ1', 'admin.opskj1@ekanuri.com', 'admin_gudang', 'Hartono', 'Iwan', 'kj1'),
(21, 'Spv_opskj1', '8776d72f50bd04f59fedf11fd317d90a', 'Indra Setiawan', 'indra.setiawan@ekanuri.com', 'asisten_manajer', 'Hartono', '', 'kj1');

--
-- Indexes for dumped tables
--

--
-- Indexes for table `detail_joborder`
--
ALTER TABLE `detail_joborder`
 ADD PRIMARY KEY (`id_cargo`);

--
-- Indexes for table `jenis_barang`
--
ALTER TABLE `jenis_barang`
 ADD PRIMARY KEY (`id_jenis`);

--
-- Indexes for table `pengeluaran`
--
ALTER TABLE `pengeluaran`
 ADD PRIMARY KEY (`id`);

--
-- Indexes for table `permintaan`
--
ALTER TABLE `permintaan`
 ADD PRIMARY KEY (`id_permintaan`);

--
-- Indexes for table `sementara`
--
ALTER TABLE `sementara`
 ADD PRIMARY KEY (`id_sementara`);

--
-- Indexes for table `stokbarang`
--
ALTER TABLE `stokbarang`
 ADD PRIMARY KEY (`kode_brg`);

--
-- Indexes for table `user`
--
ALTER TABLE `user`
 ADD PRIMARY KEY (`id_user`);

--
-- AUTO_INCREMENT for dumped tables
--

--
-- AUTO_INCREMENT for table `detail_joborder`
--
ALTER TABLE `detail_joborder`
MODIFY `id_cargo` int(15) NOT NULL AUTO_INCREMENT,AUTO_INCREMENT=15;
--
-- AUTO_INCREMENT for table `pengeluaran`
--
ALTER TABLE `pengeluaran`
MODIFY `id` int(11) NOT NULL AUTO_INCREMENT,AUTO_INCREMENT=7;
--
-- AUTO_INCREMENT for table `permintaan`
--
ALTER TABLE `permintaan`
MODIFY `id_permintaan` int(100) NOT NULL AUTO_INCREMENT,AUTO_INCREMENT=10;
--
-- AUTO_INCREMENT for table `sementara`
--
ALTER TABLE `sementara`
MODIFY `id_sementara` int(100) NOT NULL AUTO_INCREMENT,AUTO_INCREMENT=10;
--
-- AUTO_INCREMENT for table `user`
--
ALTER TABLE `user`
MODIFY `id_user` int(11) NOT NULL AUTO_INCREMENT,AUTO_INCREMENT=22;
/*!40101 SET CHARACTER_SET_CLIENT=@OLD_CHARACTER_SET_CLIENT */;
/*!40101 SET CHARACTER_SET_RESULTS=@OLD_CHARACTER_SET_RESULTS */;
/*!40101 SET COLLATION_CONNECTION=@OLD_COLLATION_CONNECTION */;
